table,pt_low_GeV,pt_high_GeV,E_low_GeV,E_high_GeV,A_gammaN,stat,syst,mean_y,mean_Q2_GeV2,mean_pt_GeV,mean_E_GeV,mean_D
5,0,0.3,0,30,-0.90,0.63,0.11,0.50,0.46,0.19,24.3,0.62
5,0,0.3,30,50,-0.19,0.48,0.06,0.60,0.69,0.20,39.1,0.74
5,0,0.3,50,,0.07,0.68,0.06,0.69,1.17,0.20,59.2,0.84
5,0.3,0.7,0,30,-0.18,0.37,0.04,0.51,0.47,0.51,24.6,0.63
5,0.3,0.7,30,50,0.10,0.26,0.04,0.60,0.62,0.51,39.5,0.75
5,0.3,0.7,50,,-0.04,0.36,0.05,0.69,0.73,0.51,59.0,0.83
5,0.7,1,0,30,-0.42,0.44,0.05,0.50,0.45,0.85,24.7,0.62
5,0.7,1,30,50,-0.36,0.29,0.04,0.61,0.60,0.85,39.2,0.75
5,0.7,1,50,,1.49,0.42,0.15,0.69,0.76,0.84,58.6,0.83
5,1,1.5,0,30,-0.30,0.35,0.03,0.54,0.41,1.23,25.3,0.66
5,1,1.5,30,50,0.13,0.23,0.01,0.64,0.55,1.24,39.2,0.77
5,1,1.5,50,,-0.20,0.33,0.02,0.71,0.73,1.24,58.3,0.85
5,1.5,,0,30,0.38,0.49,0.04,0.56,0.47,1.84,25.6,0.69
5,1.5,,30,50,0.00,0.25,0.02,0.65,0.70,1.92,39.9,0.79
5,1.5,,50,,0.36,0.33,0.04,0.69,0.60,1.95,59.9,0.86
6,0,0.3,0,30,-0.63,1.29,0.08,0.52,0.75,0.19,24.4,0.65
6,0,0.3,30,50,0.27,1.17,0.06,0.67,0.65,0.20,38.8,0.81
6,0,0.3,50,,-2.55,2.00,0.27,0.72,1.12,0.19,59.3,0.86
6,0.3,0.7,0,30,-0.24,0.80,0.04,0.53,0.51,0.52,24.3,0.65
6,0.3,0.7,30,50,0.49,0.69,0.06,0.65,0.65,0.51,39.0,0.79
6,0.3,0.7,50,,-1.28,1.03,0.14,0.72,0.77,0.51,59.1,0.86
6,0.7,1,0,30,0.55,0.95,0.06,0.53,0.41,0.84,24.6,0.65
6,0.7,1,30,50,-0.53,0.76,0.06,0.63,0.53,0.86,39.4,0.77
6,0.7,1,50,,-0.17,1.00,0.03,0.73,0.80,0.85,58.2,0.88
6,1,1.5,0,30,1.35,0.86,0.14,0.54,0.38,1.24,25.4,0.67
6,1,1.5,30,50,-0.11,0.51,0.01,0.64,0.59,1.25,39.6,0.78
6,1,1.5,50,,-0.05,0.78,0.01,0.74,0.62,1.25,58.3,0.88
6,1.5,,0,30,-0.19,1.14,0.03,0.56,0.52,1.80,25.7,0.70
6,1.5,,30,50,-0.23,0.51,0.03,0.66,0.66,1.88,40.0,0.80
6,1.5,,50,,0.26,0.90,0.04,0.74,0.88,1.92,57.3,0.88
7,0,0.3,0,30,7.03,4.74,0.71,0.46,0.38,0.22,27.7,0.58
7,0,0.3,30,50,-2.05,1.10,0.21,0.60,0.72,0.20,40.6,0.74
7,0,0.3,50,,0.17,1.83,0.05,0.69,0.88,0.20,59.1,0.84
7,0.3,0.7,0,30,-0.59,1.74,0.06,0.52,0.31,0.53,27.8,0.71
7,0.3,0.7,30,50,1.00,0.54,0.11,0.61,0.44,0.52,39.7,0.80
7,0.3,0.7,50,,-1.75,0.84,0.18,0.68,0.70,0.51,60.2,0.84
7,0.7,1,0,30,2.91,2.61,0.30,0.45,0.26,0.84,27.7,0.61
7,0.7,1,30,50,1.42,0.57,0.15,0.64,0.57,0.85,40.9,0.81
7,0.7,1,50,,1.69,0.81,0.17,0.69,0.58,0.86,60.9,0.84
7,1,1.5,0,30,-1.89,2.64,0.19,0.46,0.31,1.22,27.7,0.64
7,1,1.5,30,50,-0.45,0.51,0.05,0.63,0.58,1.23,41.1,0.79
7,1,1.5,50,,1.06,0.66,0.11,0.71,0.77,1.24,61.8,0.86
7,1.5,,0,30,1.64,3.52,0.17,0.46,0.40,1.84,28.1,0.72
7,1.5,,30,50,0.44,0.68,0.05,0.65,0.75,1.95,42.2,0.78
7,1.5,,50,,0.08,0.63,0.02,0.74,0.77,2.03,64.4,0.88
